{
  "version": "7",
  "dialect": "mysql",
  "entries": [
    {
      "idx": 0,
      "version": "5",
      "when": 1765459124056,
      "tag": "0000_overconfident_mattie_franklin",
      "breakpoints": true
    },
    {
      "idx": 1,
      "version": "5",
      "when": 1765459603947,
      "tag": "0001_fantastic_sharon_carter",
      "breakpoints": true
    },
    {
      "idx": 2,
      "version": "5",
      "when": 1765460495945,
      "tag": "0002_outgoing_tenebrous",
      "breakpoints": true
    },
    {
      "idx": 3,
      "version": "5",
      "when": 1765463629986,
      "tag": "0003_grey_umar",
      "breakpoints": true
    }
  ]
}